,Target,Type,Res,Oligo.State,Entry Date, Server Exp.,QA Exp.,Human Exp.,Cancellation Date,Description,tarid,sequence
0,T1024,All groups,408,A1,2020-05-18,2020-05-21,m1:2020-05-25 m2:2020-05-27,2020-06-08,-,LmrP 6t1z  ,T1024,"MKEFWNLDKNLQLRLGIVFLGAFSYGTVFSSMTIYYNQYLGSAITGILLALSAVATFVAGILAGFFADRNGRKPVMVFGTIIQLLGAALAIASNLPGHVNPWSTFIAFLLISFGYNFVITAGNAMIIDASNAENRKVVFMLDYWAQNLSVILGAALGAWLFRPAFEALLVILLLTVLVSFFLTTFVMTETFKPTVKVDEKAENIFQAYKTVLQDKTYMIFMGANIATTFIIMQFDNFLPVHLSNSFKTITFWGFEIYGQRMLTIYLILACVLVVLLMTTLNRLTKDWSHQKGFIWGSLFMAIGMIFSFLTTTFTPIFIAGIVYTLGEIVYTPSVQTLGADLMNPEKIGSYNGVAAIKMPIASILAGLLVSISPMIKAIGVSLVLALTEVLAIILVLVAVNRHQKTKLN
"
1,T1025,Server only,268,A1,2020-05-19,2020-05-22,m1:2020-05-26 m2:2020-05-28,2020-06-09,-,AtmM  6uv6  ,T1025,"MTDISQMYDQLSDPFAGLGAGNIHLGYFDGPDDAATLAEAADRLTDQLIARLPVVRDHRVLDVGCGVGKPALRLAGDLGVRVVGVSISEAQIGIANEAARAAGLADRVSFRYADAMRLPFPDASFDGVWAMESLHHMPDRLQALREIARVLRHGGVLSIADFVQLGPVREQDEEALRAFRSGGGVHTLTGIAEYEAEIADAGLTLTSSSDISANVRPSMVRTAEAIRGAADAFLPLMGEEGLRRLIDNFERAATVPQIGYALFAARRS
"
2,T1026,All groups,172,A1,2020-05-19,2020-05-22,m1:2020-05-26 m2:2020-05-28,2020-06-09,-,FBNSV 6s44  ,T1026,"MVSNWNWSGKKGRRTPRRGYTRPFKSAVPTTRVVVHQSAVLKKDDVSGSEIKPEGDVARYKIRKVMLSCTLRMRPGELVNYLIVKCSSPIVNWSAAFTAPALMVKESCQDMITIIGKGKVESNGVAGSDCTKSFNKFIRLGAGISQTQHLYVVMYTSEAVKTVLEHRVYIEV
"
3,T1027,All groups,168,A1,2020-05-20,2020-05-23,m1:2020-05-27 m2:2020-05-29,2020-06-10,-,GLuc 7d2o  ,T1027,"KPTENNEDFNIVAVASNFATTDLDADRGKLPGKKLPLEVLKEMEANARKAGCTRGCLICLSHIKCTPKMKKFIPGRCHTYEGDKESAQGGIGEAIVDIPAIPRFKDLEPMEQFIAQVDLCVDCTTGCLKGLANVQCSDLLKKWLPQRCATFASKIQGQVDKIKGAGGD
"
4,T1028,Server only,316,A1,2020-05-21,2020-05-24,m1:2020-05-28 m2:2020-05-30,2020-06-11,-,CalU17 6vqp  ,T1028,"MARIGDLDAARPAPEAVPGDMVRIPGGTFLQGSPERTLDWLDREGQAFPRDWFTDETPQIPVTLPDYLIDRHQVTVAQFAAFVSRTGYVTSAERAGGSMVYGEQYWEIREGACWHRPAGYGSGIRGRDDHPVVHISFADAEAYARWAGRRLPTESEWERAATGPSYRLWPWGDTWDSRNANTAEHTAGALGDLDAWRTWWGAIHAVQGPMPQTTPVGAFSPRGDSVDGCADMTGNVYEWTSTLAHLYSPATRCDPTIHLVMGRSRVIRGGSWMNFRYQVRCAERLYGDPTGWSNFALGFRCARDVTAVPHVDDNGR
"
5,T1029,All groups,125,A1,2020-05-21,2020-05-24,m1:2020-05-28 m2:2020-05-30,2020-06-11,-,EbsA 6uf2  ,T1029,"MRIDELVPADPRAVSLYTPYYSQANRRRYLPYALSLYQGSSIEGSRAVEGGAPISFVATWTVTPLPADMTRCHLQFNNDAELTYEILLPNHEFLEYLIDMLMGYQRMQKTDFPGAFYRRLLGYDS
"
6,T1030,All groups,273,A1,2020-05-22,2020-05-25,m1:2020-05-29 m2:2020-05-31,2020-06-12,-,BibA 6poo  ,T1030,"DQELGKQSRRSQDIIKSLGFLSSDQKDILVKSISSSKDSQLILKFVTQATQLNNAESTKAKQMAQNDVALIKNISPEVLEEYKEKIQRASTKSQVDEFVAEAKKVVNSNKETLVNQANGKKQEIAKLENLSNDEMLRYNTAIDNVVKQYNEGKLNITAAMNALNSIKQAAQEVAQKNLQKQYAKKIERISSKGLALSKKAKEIYEKHKSILPTPGYYADSVGTYLNRFRDKQTFGNRSVWTGQSGLDEAKKMLDEVKKLLKELQDLTRGTKED
"
7,T1031,All groups,95,A1,2020-05-25,2020-05-28,m1:2020-06-01 m2:2020-06-03,2020-06-15,-,S0A2C3d1 6vr4  ,T1031,"ACKIENIKYKGKEVESKLGSQLIDIFNDLDRAKEEYDKLSSPEFIAKFGDWINDEVERNVNEDGEPLLIQDVRQDSSKHYFFILKNGERFDLLTR
"
8,T1032,All groups,284,A2,2020-05-25,2020-05-28,m1:2020-06-01 m2:2020-06-03,2020-06-15,-,smchD1 6n64  ,T1032,"NDVKKQQQMAALTKEKDELSKSITMYRSLFDANKQLVDEMKCQAEEAKLKETQLRNELKAYNIDIPATQQTTHIEALLEKKITEQNELKKRPRRLCTLPNYTKRSGDILGKIAHLAQIEDDRAAMVISWHLASDMDCVVTLTTDAARAIYDETQGRQQVLPLDSIYRKTLPDWKRPLPHFRNGKLHFKPFGNPVFARDLLTFPDNIEHCETVFGMLLGDTIILDNLDAANHYRKEVVKITHCPTLLTRDGDRIRSNGKFGGLQNKAPPMDKLRGMVFGAPVPKQ
"
9,T1033,All groups,100,A1,2020-05-26,2020-05-29,m1:2020-06-02 m2:2020-06-04,2020-06-16,-,S0A2C3d2 6vr4  ,T1033,"EFDSFTSPDLTNEIKEITDQLSYYIYNKHFSSDFEQVEGAKLNIQNEISQFVKEGKAPVQAAYNKLQDPDIKDLLDYYDNIEKHSDEFESEIVKFFSEKK
"
10,T1034,All groups,156,A4,2020-05-26,2020-05-29,m1:2020-06-02 m2:2020-06-04,2020-06-16,-,BIL2 6tmm  ,T1034,"LILNLRGGAFVSNTQITMADKQKKFINEIQEGDLVRSYSITDETFQQNAVTSIVKHEADQLCQINFGKQHVVCTVNHRFYDPESKLWKSVCPHPGSGISFLKKYDYLLSEEGEKLQITEIKTFTTKQPVFIYHIQVENNHNFFANGVLAHAMQVSI
"
11,T1035,All groups,102,A1,2020-05-27,2020-05-30,m1:2020-06-03 m2:2020-06-05,2020-06-17,-,S0A2C3d3 6vr4  ,T1035,"ANVKLMLSFLPKIDNLTGEPALGDYLNKPVFRSFDSIHSELLEVLSDITTLHVQGEVLDVFSSMYNKIKELADFKKSFKPLLEILDTIDEQKKTEFVQAFYL
"
12,T1036s1,Server only,622,A1,2020-05-27,2020-05-30,m1:2020-06-03 m2:2020-06-05,2020-06-17,-,Monoclonal antibody 93k 6vn1  ,T1036s1,"TKPTFYVCPPPTGSTIVRLEPPRTCPDYHLGKNFTEGIAVVYKENIAAYKFKATVYYKDVIVSTAWAGSSYTQITNRYADRVPIPVSEITDTIDKFGKCSSKATYVRNNHKVEAFNEDKNPQDMPLIASKYNSVGSKAWHTTNDTYMVAGTPGTYRTGTSVNCIIEEVEARSIFPYDSFGLSTGDIIYMSPFFGLRDGAYREHSNYAMDRFHQFEGYRQRDLDTRALLEPAARNFLVTPHLTVGWNWKPKRTEVCSLVKWREVEDVVRDEYAHNFRFTMKTLSTTFISETNEFNLNQIHLSQCVKEEARAIINRIYTTRYNSSHVRTGDIQTYLARGGFVVVFQPLLSNSLARLYLQELVRENTNHSPQKHPTRNTRSRRSVPVELRANRTITTTSSVEFAMLQFTYDHIQEHVNEMLARISSSWCQLQNRERALWSGLFPINPSALASTILDQRVKARILGDVISVSNCPELGSDTRIILQNSMRVSGSTTRCYSRPLISIVSLNGSGTVEGQLGTDNELIMSRDLLEPCVANHKRYFLFGHHYVYYEDYRYVREIAVHDVGMISTYVDLNLTLLKDREFMPLRVYTRDELRDTGLLDYSEIQRRNQMHSLRFYDIDKVVQ
"
13,T1037,All groups,404,A1,2020-05-28,2020-05-31,m1:2020-06-04 m2:2020-06-06,2020-06-18,-,S0A2C3d4 6vr4  ,T1037,"SKINFYTTTIETLETEDQNNTLTTFKVQNVSNASTIFSNGKTYWNFARPSYISNRINTFKNNPGVLRQLLNTSYGQSSLWAKHLLGEEKNVTGDFVLAGNARESASENRLKSLELSIFNSLQEKDKGAEGNDNGSISIVDQLADKLNKVLRGGTKNGTSIYSTVTPGDKSTLHEIKIDHFIPETISSFSNGTMIFNDKIVNAFTDHFVSEVNRMKEAYQELETLPESKRVVHYHTDARGNVMKDGKLAGNAFKSGHILSELSFDQITQDDNEMLKLYNEDGSPINPKGAVSNEQKILIKQTINKVLNQRIKENIRYFKDQGLVIDTVNKDGNKGFHFHGLDKSIMSEYTDDIQLTEFDISHVVSDFTLNSILASIEYTKLFTGDPANYKNMVDFFKRVPATYTN
"
14,T1038,All groups,199,A2,2020-05-29,2020-06-01,m1:2020-06-05 m2:2020-06-07,2020-06-19,-,TSWV glycoprotein 6ya2  ,T1038,"STTQKTISVSDLPNNCLNASSLKCEIKGISTYNVYYQVENNGVIYSCVSDSAEGLEKCDNSLNLPKRFSKVPVIPITKLDNKRHFSVGTKFFISESLTQDNYPITYNSYPTNGTVCLQTVKLSGDCKITKSNFANPYTVSITSPEKIMGYLIKKPGENVEHKVISFSGSASITFTEEMLDGEHNLLCGDKSAKIPKTNK
"
15,T1039,All groups,161,A1,2020-05-29,2020-06-01,m1:2020-06-05 m2:2020-06-07,2020-06-19,-,S0A2C3d5 6vr4  ,T1039,"NNPISSKLTEYYTNFKYKILPGGKLNKGKLKDLQSTVTSLLEKTRKENNPKYKSDSDFYEVFEEGVVELMQVFEDLGVDSITFEAMDIFLKQFRFDLPENNAYKIMYQQYQGKLTNLNNLLKDIQSNKINPYKINPFKNYSNLIFNSLAEAENYFIENNNE
"
16,T1040,All groups,130,A1,2020-06-01,2020-06-04,m1:2020-06-08 m2:2020-06-10,2020-06-22,-,S0A2C3d6 6vr4  ,T1040,"PNFKVEHTKKSFKLAKDYIAQNEITVEEMYDELEDHGFNIDDIANGEEVTESAITEAFIKNHILNSNSELEYHNDFVKQHNIDAVNKIDFLGYSEELHKNKSEQLQNRLFDLYWAVLTNEKTYGDLITPI
"
17,T1041,All groups,242,A1,2020-06-01,2020-06-04,m1:2020-06-08 m2:2020-06-10,2020-06-22,-,S0A2C3d7 6vr4  ,T1041,"DFPHVKDEIKRVFGDNSKQTGENLKFHDPLYQLKLKFTYAGGKSGVGITANMLVDHNRSKGIDMQFNQYNLGVGHTQNGNTVFDKEYSEELNGTRFKIKDTISAFLNAFVDNAKDPYINDGNFNTYTSSVAFMLIRAGVHPDWIISFIGQPVLRELADFTQRYESKIIPKEDVGKSSFDIIVEKYETINQESYKDAESRAFSLDTLQESIEVGVHGIDLDVLKTFKGFQEQAKRLNESVQLS
"
18,T1042,All groups,289,A1,2020-06-02,2020-06-05,m1:2020-06-09 m2:2020-06-11,2020-06-26,-,S0A2C3d8 6vr4  ,T1042,"RFDTNGSGKNILDLIILKNKIKNLYVSEQTQQKGSMMNHFKKYHNNGKITSLGTQVKNTLLFTDDILNNNPSLFLLGSKPIQDLVNSISNNLVDSRGGSRGLLTNEDVGKLFYKEVYKYIMADFAPFKVGDPMAYIKDTIFDLVNYKTEDKQYDSSNFFIENMTVYENSFGITNKNKSVDFQDRLYRSAYDLMMENPELANKMFISSFLMNGFENKLIDIKEYIPYQWFLENDIRSFIESKNTGLKDSSESLRNPADKILEQNSLENILFSQNNVVSSDENDITKQECK
"
19,T1043,All groups,148,A1,2020-06-02,2020-06-05,m1:2020-06-09 m2:2020-06-11,2020-06-26,-,S0A2C3d9 6vr4  ,T1043,"SFEEQFIKNNSDSNILAPKVSQSVIKSIKGIKSKHVFELPINDKTKRYILGATETKEEVLPNYVKVGSDLYRLKAYREKSGVYVRTNKLGFEDPKSFLSIKEYKFGTRTGGNFTGELTKQELVYTNQWVNENITLANGYISADSRTVD
"
20,T1045s1,Server only,157,A1,2020-06-04,2020-06-07,m1:2020-06-11 m2:2020-06-13,2020-06-25,-,PEX4-PEX22 6xod  ,T1045s1,"MQASRARLFKEYKEVQREKVADPDIQLICDDTNIFKWTALIKGPSETPYEGGVFQLAFSVPEPYPLQPPQVRFLTKIFHPNVHFKTGEICLDILKNAWSPAWTLQSVCRAIIALMAHPEPDSPLNCDSGNLLRSGDVRGFNSMAQMYTRLAAMPKKG
"
21,T1045s2,All groups,173,A1,2020-06-04,2020-06-07,m1:2020-06-11 m2:2020-06-13,2020-06-25,-,PEX4-PEX22 6xod  ,T1045s2,"AVQDVVDQFFQPVKPTLGQIVRQKLSEGRKVTCRLLGVILEETSPEELQKQATVRSSVLEVLLEITKYSDLYLMERVLDDESEAKVLQALENAGVFTSGGLVKDKVLFCSTEIGRTSFVRQLEPDWHIDTNPEISTQLARFIKYQLHVATVKPERTAPNVFTSQSIEQFFGSV
"
22,T1046s1,All groups,74,A1,2020-06-05,2020-06-08,m1:2020-06-12 m2:2020-06-14,2020-06-23,-,RI-T complex 6px4  ,T1046s1,"MNVDPHFDKFMESGIRHVYMLFENKSVESSEQFYSFMRTTYKNDPCSSDFECIERGAEMAQSYARIMNIKLETE
"
23,T1046s2,All groups,142,A1,2020-06-05,2020-06-08,m1:2020-06-12 m2:2020-06-14,2020-06-23,-,RI-T complex 6px4  ,T1046s2,"RFESVALEQLQIVHISSEADFSAVYSFRPKNLNYFVDIIAYEGKLPSTISEKSLGGYPVDKTMDEYTVHLNGRHYYSNSKFAFLPTKKPTPEINYMYSCPYFNLDNIYAGTITMYWYRNDHISNDRLESICAQAARILGRAK
"
24,T1047s1,All groups,232,A1,2020-06-08,2020-06-11,m1:2020-06-15 m2:2020-06-17,2020-06-29,-,FlgH-FlgI 7bgl  ,T1047s1,"MQKNAAHTYAISSLLVLSLTGCAWIPSTPLVQGATSAQPVPGPTPVANGSIFQSAQPINYGYQPLFEDRRPRNIGDTLTIVLQENVSASKSSSANASRDGKTNFGFDTVPRYLQGLFGNARADVEASGGNTFNGKGGANASNTFSGTLTVTVDQVLVNGNLHVVGEKQIAINQGTEFIRFSGVVNPRTISGSNTVPSTQVADARIEYVGNGYINEAQNMGWLQRFFLNLSPM
"
25,T1047s2,All groups,365,A1,2020-06-08,2020-06-11,m1:2020-06-15 m2:2020-06-17,2020-06-29,-,FlgH-FlgI 7bgl  ,T1047s2,"MIKFLSALILLLVTTAAQAERIRDLTSVQGVRQNSLIGYGLVVGLDGTGDQTTQTPFTTQTLNNMLSQLGITVPTGTNMQLKNVAAVMVTASLPPFGRQGQTIDVVVSSMGNAKSLRGGTLLMTPLKGVDSQVYALAQGNILVGGAGASAGGSSVQVNQLNGGRITNGAVIERELPSQFGVGNTLNLQLNDEDFSMAQQIADTINRVRGYGSATALDARTIQVRVPSGNSSQVRFLADIQNMQVNVTPQDAKVVINSRTGSVVMNREVTLDSCAVAQGNLSVTVNRQANVSQPDTPFGGGQTVVTPQTQIDLRQSGGSLQSVRSSASLNNVVRALNALGATPMDLMSILQSMQSAGCLRAKLEII
"
26,T1048,All groups,109,A4,2020-06-09,2020-06-12,m1:2020-06-16 m2:2020-06-18,2020-06-30,2020-10-09,Q7VLF5 6un9  <em><font color=red>Single helix - not evaluated for tertiary structure.</font></em>,T1048,"MGHHHHHHSHMKGNIQQQIQLKSELASAEAKMEEQKQQLERHFEQSANLLENMAEDYKKLYTHFAQNSEQLLPESNQVEFFKRLKNHANGDEDNQPRDYSDGSSGLLKS
"
27,T1049,All groups,141,A1,2020-06-09,2020-06-12,m1:2020-06-16 m2:2020-06-18,2020-06-30,-,MrpH 6y4f  ,T1049,"SIFSYITESTGTPSNATYTYVIERWDPETSGILNPCYGWPVCYVTVNHKHTVNGTGGNPAFQIARIEKLRTLAEVRDVVLKNRSFPIEGQTTHRGPSLNSNQECVGLFYQPNSSGISPRGKLLPGSLCGIAPPPVHHHHHH
"
28,T1050,All groups,779,A2,2020-06-10,2020-06-14,m1:2020-06-18 m2:2020-06-20,2020-07-01,-,A7LXT1   ,T1050,"MASQSYLFKHLEVSDGLSNNSVNTIYKDRDGFMWFGTTTGLNRYDGYTFKIYQHAENEPGSLPDNYITDIVEMPDGRFWINTARGYVLFDKERDYFITDVTGFMKNLESWGVPEQVFVDREGNTWLSVAGEGCYRYKEGGKRLFFSYTEHSLPEYGVTQMAECSDGILLIYNTGLLVCLDRATLAIKWQSDEIKKYIPGGKTIELSLFVDRDNCIWAYSLMGIWAYDCGTKSWRTDLTGIWSSRPDVIIHAVAQDIEGRIWVGKDYDGIDVLEKETGKVTSLVAHDDNGRSLPHNTIYDLYADRDGVMWVGTYKKGVSYYSESIFKFNMYEWGDITCIEQADEDRLWLGTNDHGILLWNRSTGKAEPFWRDAEGQLPNPVVSMLKSKDGKLWVGTFNGGLYCMNGSQVRSYKEGTGNALASNNVWALVEDDKGRIWIASLGGGLQCLEPLSGTFETYTSNNSALLENNVTSLCWVDDNTLFFGTASQGVGTMDMRTREIKKIQGQSDSMKLSNDAVNHVYKDSRGLVWIATREGLNVYDTRRHMFLDLFPVVEAKGNFIAAITEDQERNMWVSTSRKVIRVTVASDGKGSYLFDSRAYNSEDGLQNCDFNQRSIKTLHNGIIAIGGLYGVNIFAPDHIRYNKMLPNVMFTGLSLFDEAVKVGQSYGGRVLIEKELNDVENVEFDYKQNIFSVSFASDNYNLPEKTQYMYKLEGFNNDWLTLPVGVHNVTFTNLAPGKYVLRVKAINSDGYVGIKEATLGIVVNPPFKLAAALQHHHHHH
"
29,T1051,All groups,126,A1,2020-06-10,2020-06-13,m1:2020-06-17 m2:2020-06-19,2020-07-01,2020-10-09, A0A0H3LWK6 7txx  <em><font color=red>Canceled: no structure.</font></em>,T1051,"MSSGSSQIYKEGYILDKNALDSISIGSSQEQVILALGTPSLKTKYDNEVFYYISQTRYRGMQFMKTKIIDRKVLAIYFNKNDQVTKIANYGLQDGQVFDFIAQTTPTATKEQPLLIQIIKGPANLP
"
30,T1052,All groups,832,A3,2020-06-11,2020-06-15,m1:2020-06-19 m2:2020-06-21,2020-07-02,-,Q858F5.1   ,T1052,"GGQQMGRILEKLQNVVYPTDAPFYAPTDGTSDATTALQSAITHCEGKNAVLCINKSFSVSDSLSISSPLIVFAMNEQCGIVSSAPAGHAAVIFNGDNICWIGGFIRGLNQPSSSTIRQDGVLLNGNDCVLDNVSINGFFAKGLHTSNADGSGVGIRDYGTRNTISKCRVEYNKFGISLEGKDGWVLGNYVSNHYRMSSEAKPWDDTSNYWDGIVGGGEWLGVATGYLIDGNEFEDNGQSGIYAGGNGGIFAKNRITNNHIHGNWNRGIDFGVVQRLANSDVYENIITDNIVHNNRAANIWLAGVRDSIINNNNSWFTDDYRSMFAGNFDACVCLTLADGGEKAAPTGNQVNGNRCKTLESDDQISGFTLNITDTARGNQVRDNVLSPIGEAYIPNPELYAVNNIDIPTEFAFTPQLIGGSGVTLGNSSGKLTANGNVFSLSLSISAQSVSSPSGSLTIGYIPGLSGTSVRHHNVRTEFYNNLNTTMQRAQPYVNIGDSADQLRVYRLADGLSKDDLLEYFMSNSDLRMVGDIEIEPYNFSRSVTVVGHSFCTSDVMSTELNRLLGTDIYNFARGGASDVEVAMSQEAITRQYAPVGGSIPASGSVALTPTEVGIFWNGATGKCIFGGIDGTFSTTLVNAGTGETQLVFTRDSAGSAVSVSTTATFAMRPYTRFNTNTIPAGRKHSLHRDDIYIVWGGRNSTDYTRYVSELHTMVANMHTQRFVICPEFPYDTETTGTTGATNLAALNNNLKADFPDNYCQISGVDLLQNFKSKYNPAYAGDVTDIANGITPRSLREDNLHPSETLQPNGLYIGAKVNADFIAQFIKSKGWGG
"
31,T1053,All groups,580,A1,2020-06-12,2020-06-16,m1:2020-06-20 m2:2020-06-22,2020-07-03,-,T4SS effector 7m7a  ,T1053,"MGLPKKALKESQLQFLTAGTAVSDSSHQTYKVSFIENGVIKNAFYKKLDPKNHYPELLAKISVAVSLFKRIFQGRRSAEERLVFDDEERLVGTLSISVDGFKGFNFHKESVPQESSAKEQVIPSTRTLIEKSFMEILLGRWFLDDDDGHPHNLSLAGDIDFDMFFYWFTIYMKEPRPAIGIPKTRVNLTVRDWEGFPNVKDSKPFHWPTYKNPGQETLPTVLPVQDKLVNLILEKTYPDPGQFEQLAHEPVAQEQKFAAALKILLTYQPEMIRKRLTELFGEMTLNYTSLDETDVALRNQYEKTFPHLCNENTNIKPFVDFIMNLYQMHYDNLYRVVVFYMGCENNGYGVPLPATNSALYHKPSFYKDIVEWARTQNITIFSKDDSSIKFDEDELRRRYHQVWRDAYAPTFRDLLHDSYSLTNKLLQQVSTFHVVLDEVEGKKPTDDTLTNAWELFGTMPELSLEKITPLISVDKDSKLRTALILLVEFTTQFHAVAKTYYQKDRKDLTEEDNLEFSEQLVQLYTNYNLKIRQSLAHTSTLAGEFNRIAVGLKQYTERANFQLHLTTTDEQMKEATVATT
"
32,T1054,All groups,190,A2,2020-06-15,2020-06-18,m1:2020-06-22 m2:2020-06-24,2020-07-06,-,A7M79_12275 6v4v  ,T1054,"DSSIKRTANINLYKLDQRFKQSRINIESFHSTVLLTGQVPDPYLKQLAEDNVKAMSDVKAVHNYITVGNKVSYNTIMQDAGVTANTRALLMKAPVVSDSKVLVHTEDGVLYVMGRLNTAEINDLNNVLQNVGNVTKIVTLIDNIDLAPAPAASTASATTTPVINNVLAQPTVQTPVAIDPDQTDPASSAQ
"
33,T1055,All groups,148,A1,2020-06-15,2020-06-18,m1:2020-06-22 m2:2020-06-24,2020-07-06,-,DNA polymerase processivity factor 6zyc  ,T1055,"GNGKYFSKVGSAGLKQLTNKLDINECATVDELVDEINKSGTVKRKIKNQSAFDLSRECLGYPEADFITLVNNMRFKIENCKVVNFNIENTNCLNNPSIETIYRNFNQFVSIFNVVTDVKKRLFENASGNGSGGGLNDIFEAQKIEWHE
"
34,T1056,All groups,186,A1,2020-06-16,2020-06-19,m1:2020-06-23 m2:2020-06-25,2020-07-07,-,M23 peptidase 6yj1  ,T1056,"MHHHHHHVNSLEMLTAIDYLTKKGWKISSDPRTYDGYPKNYGYRNYHENGINYDEFCGGYHRAFDVYSNETNDVPAVTSGTVIEANDYGNFGGTFVIRDANDNDWIYGHLQRGSMRFVVGDKVNQGDIIGLQGNSNYYDNPMSVHLHLQLRPKDAKKDEKSQVCSGLAMEKYDITNLNAKQDKSKN
"
35,T1057,All groups,287,A1,2020-06-16,2020-06-19,m1:2020-06-23 m2:2020-06-25,2020-07-07,-,N4-Cytosine Methyltransferase 7m6b  ,T1057,"MLKNVLRYPGGKSKALKYILPNLPVGFREYREPMVGGGAVALAVKQLYTNVKIKINDLNYDLICFWKQLRDNPVQLIEEVSKIKENYKDGRKLYEFLTSQNGGGEFERAVRFYILNRITFSGTVDSGGYSQQSFENRFTWSAINKLKQAAEIIKDFEISHGDYEKLLFEPGNEVFIFLDPPYYSTTESRLYGKNGDLHLSFDHERFAFNIKKCPHLWMITYDDSPEVRKLFKFANIYEWELQYGMNNYKQSKAEKGKELFITNYKLEELRQKEKYALGLLEHHHHHH
"
36,T1058,All groups,382,A1,2020-06-17,2020-06-20,m1:2020-06-24 m2:2020-06-26,2020-07-08,-,Q9I117 7abw  ,T1058,"MRPVLVLLHRYVGLATALFLFLAGLTGSLLAFHHEIDEWLNPGFYAVGEGGERLSPGSLVQRVESRYPRQLVWYMEYPEAGGHPALLATVPREAGAKVEHDVFYLDPVSGEEVGKRLWAACCFQPANLVPWVLEFHHNLTLPGNWGLYLMGGVAMFWFLDCFVGAWLTLPRGRPFWSKWTTAWKIKRGNAYRFNFDLHRAGGLWLWLLLAPVALSSVALNLPSQVFKPLVSLFSPIEPSVYEARGRLPREQLGETRLDYDRTFQLASVEAARLGIAEPIGELYYSFEYNFFGAGFGDHDDPMGKSWLFFHGSDGRLLGQEVAGQGSWGERFYRLQYPIHGGRIAGLPGRIAIAALGLAIAGLSLTGVYIWWRKRRARHWNGR
"
37,T1059,All groups,32,A1,2020-06-17,2020-06-20,m1:2020-06-24 m2:2020-06-26,2020-07-08,2020-10-09,MtrunA17_Chr7g0216231 7th8  <em><font color=red>Canceled: no structure.</font></em>,T1059,"TKPCQSDKDCKKFACRKPKVPKCINGFCKCVR
"
38,T1060s2,All groups,298,A1,2020-06-18,2020-06-21,m1:2020-06-25 m2:2020-06-27,2020-07-24,-,T5 phage tail subcomplex 7qg9  ,T1060s2,"MFYSLMRESKIVIEYDGRGYHFDALSNYDASTSFQEFKTLRRTIHNRTNYADSIINAQDPSSISLAINFSTTLIESNFFDWMGFTREGNSLFLPRNTPNIEPIMFNMYIINHNNSCIYFENCYVSTVDFSLDKSIPILNVGIESGKFSEVSTFRDGYTITQGEVLPYSAPAVYTNSSPLPALISASMSFQQQCSWREDRNIFDINKIYTNKRAYVNEMNASATLAFYYVKRLVGDKFLNLDPETRTPLIIKNKYVSITFPLARISKRLNFSDLYQVEYDVIPTADSDPVEINFFGERK
"
39,T1060s3,All groups,140,A1,2020-06-18,2020-06-21,m1:2020-06-25 m2:2020-06-27,2020-07-24,-,T5 phage tail subcomplex 7qg9  ,T1060s3,"MSTENRVIDLVVDENVPYGLLMQFMDVDDSVYPSTSKPVDLTDFSLRGSIKSSLEDGAETVASFTTAIVDAAQGVASISLPVSAVTTIASKASKERDRYNPRQRLAGYYDVIITRTAVGSAASSFRIMEGKVYISDGVTQ
"
40,T1061,All groups,949,A3,2020-06-19,2020-06-23,m1:2020-06-27 m2:2020-06-29,2020-07-18,-,T5 phage tail subcomplex 7zhj  ,T1061,"MKKILDSAKNYLNTHDKLKTACLIALELPSSSGSAATYIYLTDYFRDVTYNGILYRSGKVKSISSHKQNRQLSIGSLSFTITGTAEDEVLKLVQNGVSFLDRGITIHQAIINEEGNILPVDPDTDGPLLFFRGRITGGGIKDNVNTSGIGTSVITWNCSNQFYDFDRVNGRYTDDASHRGLEVVNGTLQPSNGAKRPEYQEDYGFFHSNKSTTILAKYQVKEERYKLQSKKKLFGLSRSYSLKKYYETVTKEVDLDFNLAAKFIPVVYGVQKIPGIPIFADTELNNPNIVYVVYAFAEGEIDGFLDFYIGDSPMICFDETDSDTRTCFGRKKIVGDTMHRLAAGTSTSQPSVHGQEYKYNDGNGDIRIWTFHGKPDQTAAQVLVDIAKKKGFYLQNQNGNGPEYWDSRYKLLDTAYAIVRFTINENRTEIPEISAEVQGKKVKVYNSDGTIKADKTSLNGIWQLMDYLTSDRYGADITLDQFPLQKVISEAKILDIIDESYQTSWQPYWRYVGWNDPLSENRQIVQLNTILDTSESVFKNVQGILESFGGAINNLSGEYRITVEKYSTNPLRINFLDTYGDLDLSDTTGRNKFNSVQASLVDPALSWKTNSITFYNSKFKEQDKGLDKKLQLSFANITNYYTARSYADRELKKSRYSRTLSFSVPYKFIGIEPNDPIAFTYERYGWKDKFFLVDEVENTRDGKINLVLQEYGEDVFINSEQVDNSGNDIPDISNNVLPPRDFKYTPTPGGVVGAIGKNGELSWLPSLTNNVVYYSIAHSGHVNPYIVQQLENNPNERMIQEIIGEPAGLAIFELRAVDINGRRSSPVTLSVDLNSAKNLSVVSNFRVVNTASGDVTEFVGPDVKLAWDKIPEEEIIPEIYYTLEIYDSQDRMLRSVRIEDVYTYDYLLTYNKADFALLNSGALGINRKLRFRIRAEGENGEQSVGWATI
"
41,T1062,All groups,35,A3,2020-06-19,2020-06-22,m1:2020-06-26 m2:2020-06-28,2020-07-10,2020-10-09,T5 phage tail subcomplex 7zhj  <em><font color=red>Just a broken helix - not evaluated for tertiary structure.</font></em>,T1062,"ASFRDFASNNSTAFRDAVELALNENGTTLKSLGNS
"
42,T1063,All groups,196,A4,2020-06-22,2020-06-25,m1:2020-06-29 m2:2020-07-01,2020-07-13,2020-10-09,Q9NPC3   <em><font color=red>Canceled: no structure.</font></em>,T1063,"MSLCEDMLLCNYRKCRIKLSGYAWVTACSHIFCDQHGSGEFSRSPAICPACNSTLSGKLDIVRTELSPSEEYKAMVLAGLRPEIVLDISSRALAFWTYQVHQERLYQEYNFSKAEGHLKQMEKIYTQQIQSKDVELTSMKGEVTSMKKVLEEYKKKFSDISEKLMERNRQYQKLQGLYDSLRLRNITIANHEGTLE
"
43,T1064,All groups,106,A1,2020-06-22,2020-06-25,m1:2020-06-29 m2:2020-07-01,2020-07-13,-,ORF8 7jtl  ,T1064,"FHQECSLQSCTQHQPYVVDDPCPIHFYSKWYIRVGARKSAPLIELCVDEAGSKSPIQYIDIGNYTVSCLPFTINCQEPKLGSLVVRCSFYEDFLEYHDVRVVLDFI
"
44,T1065s1,All groups,127,A1,2020-06-23,2020-06-26,m1:2020-06-30 m2:2020-07-02,2020-07-14,-,N4-Cytosine Methyltransferase 7m5f  ,T1065s1,"AKNSLTTKSLFKEMTIQGIKFTPENVVGAAKDNSGKIIFLEKGNSKSGLQHIVEEHGDQFAQIGVSEARIPDVVMKAVTDGKIVGYQGAGAGRPIYETMIDGKKYNIAVTVGSNGYVVGANLRGSVK
"
45,T1065s2,All groups,98,A1,2020-06-23,2020-06-26,m1:2020-06-30 m2:2020-07-02,2020-07-14,-,N4-Cytosine Methyltransferase 7m5f  ,T1065s2,"MKEIKLMADYHCYPLWGTTPDDFGDISPDELPISLGLKNSLEAWAKRYDAILNTDDPALSGFKSVEEEKLFIDDGYKLAELLQEELGSAYKVIYHADY
"
46,T1066s1,All groups,366,A1,2020-06-24,2020-06-27,m1:2020-07-01 m2:2020-07-03,2020-07-15,2020-10-09,CCPol-MP-2   <em><font color=red>Canceled: no structure.</font></em>,T1066s1,"METRDKLMSLTQSDKTQQWLMDKSSNQDDIQQLQQQFSQQLDQQYNALLADEKAKLDQYVEVHQGLESLKEEIESEPITLNIDKLPDIKATMLERAKNDEHSDKIEKLFDRLEQALNGTNRLYTQLSLIGTRTHRITTKNFNLQGLPKAVQHTILPSKFKKVYTVDFKSFEPSVAAYMTQDSKLIDLLNQKDGLYDALLSELGLSDELRVFVKRAFIGSFLFGGNFKNPKFKLNQYVSEVQWLDAVSQFTKVIELKKHVEKSNSMPMPYSIEHDMSAFQGSSIMAIYVQTVASYIFKHILLKVYKAQCDQKTFKIIVPIHDAIMIECEDEEIAQNVGQLMKDTANQLFNGEFAHVTVEEIGGVDHE
"
47,T1066s2,All groups,123,A1,2020-06-24,2020-06-27,m1:2020-07-01 m2:2020-07-03,2020-07-15,2021-10-09,CCPol-MP-2   <em><font color=red>Canceled: no structure.</font></em>,T1066s2,"MNNDRGQSLHIPSSTPIKENNIYVATLHSVIQTDFSGEIKHQFTYEIEVNNQIVYANRNIPTKPSANQLSIHDWLKRHSNYSASHENYEPYIDQKHLILLGQYNGNYYVQDVASLDAFGGVLS
"
48,T1067,All groups,264,A1,2020-06-25,2020-06-28,m1:2020-07-02 m2:2020-07-04,2020-07-16,-,Bd3741   ,T1067,"MKRRILSVGRNYFLRGVIMNRLLTVFGVLLVATLASFNVFAQSRSELERRMMVEDSYEAPRGRLFNEQAYLRGETYLNQYTNVIVINKAASGSQAQTLRLYTNRQLMLSTYVSTGREDLEYISAVRGVVNKIFKGATSSHWRHTTRGFYTIKRVHGYNYRSGESKFHMPFAMFFNETRGLAVHQVPPDLSGGEAAGEAMLGKRASSGCVRVHKNQIQTIHRAVTAADRGIVPVLDTRTGQPKYDQNGKVRYEKGYKTIVIVEEY
"
49,T1068,All groups,211,A1,2020-06-25,2020-06-28,m1:2020-07-02 m2:2020-07-04,2020-07-16,-,LmazxJ3-JDBD   ,T1068,"MAHHHHHHMPQQQRHVQLNPELRFERPDKEYIPLPPLRDMQDMVKVLFLLSTDKKRYPDGRHRTLDYFRVAVEMFVTEVRQEYKRQYQQAQRNGRAMQRFTWKNSGELAICFACCCDNVKLLYDSLQPGPLKPLWDAFVGQLPPMLIVQSRVPETMLSSQTYHTKYMDWVKGGTRYGGEQSTANVRFPSVADRRVKVETYLRSGAGYKIEA
"
50,T1069s1,All groups,369,A1,2020-06-26,2020-06-29,m1:2020-07-03 m2:2020-07-05,2020-07-17,2021-10-09,CCPol-MP-1   <em><font color=red>Canceled: no structure.</font></em>,T1069s1,"MYQANIRDLITKLPQSNKTEHFLMNKFSNQDKVQQLQRQISQQLDQQYNELLANEKAKLDQYVEVHHNLEPLKKEIESESINLDTDKLPDIKATMLEKAKNDEHFDKIEQLFDRLDQSLNGTNRLYTQLSLIGTRTHRITTKRFNVQGLPKLVQQMILPSQFKKVYTIDFKSFEPSVAAYMTQDEQLIDYLNHEEGLYDALLRDLSLSKEKRVSVKRAFIGSFLFGGRYSSSKFKINQEVSEINWLQVMSKFKKVIEFKEQVEKYKTMPTPYGIEHDMSAFQGSSIMAIYVQTVASYIFKHILLEVYKAQCEKKTFKIIVPIHDAIMIECNDKGIAQNVAQLMKDTANQLFNGEFAHVTVEALGGIDNE
"
51,T1069s2,All groups,122,A1,2020-06-26,2020-06-29,m1:2020-07-03 m2:2020-07-05,2020-07-17,2020-10-09,CCPol-MP-1   <em><font color=red>Canceled: no structure.</font></em>,T1069s2,"MNNDRGKSLQIPQSTLLKEGSIYVATLHSVYEKNFSGDIKHQFTYEVELNQETHYVNRNITVKSMSHQLSIADWIKRHSNYNVNHINYDPYIDRKHLVLVGQYNGNYYIQDVAPLDEFGGVL
"
52,T1044,All groups,2180,A1,2020-06-28,2020-06-28,m1:2020-07-02 m2:2020-07-04,2020-06-28,-,S0A2C3 6vr4  ,T1044,"MACKIENIKYKGKEVESKLGSQLIDIFNDLDRAKEEYDKLSSPEFIAKFGDWINDEVERNVNEDGEPLLIQDVRQDSSKHYFFILKNGERFDLLTREFDSFTSPDLTNEIKEITDQLSYYIYNKHFSSDFEQVEGAKLNIQNEISQFVKEGKAPVQAAYNKLQDPDIKDLLDYYDNIEKHSDEFESEIVKFFSEKKLIIKDAELEDVTQEGLNEGLQGGDLVQAFEKNSKDNATANVKLMLSFLPKIDNLTGEPALGDYLNKPVFRSFDSIHSELLEVLSDITTLHVQGEVLDVFSSMYNKIKELADFKKSFKPLLEILDTIDEQKKTEFVQAFYLSKINFYTTTIETLETEDQNNTLTTFKVQNVSNANNPISSKLTEYYTNFKYKILPGGKLNKGKLKDLQSTVTSLLEKTRKENNPKYKSDSDFYEVFEEGVVELMQVFEDLGVDSITFEAMDIFLKQFRFDLPENNAYKIMYQQYQGKLTNLNNLLKDIQSNKINPYKINPFKNYSNLIFNSLAEAENYFIENNNESTIFSNGKTYWNFARPSYISNRINTFKNNPGVLRQLLNTSYGQSSLWAKHLLGEEKNVTGDFVLAGNARESASENRLKSLELSIFNSLQEKDKGAEGNDNGSISIVDQLADKLNKVLRGGTKNGTSIYSTVTPGDKSTLHEIKIDHFIPETISSFSNGTMIFNDKIVNAFTDHFVSEVNRMKEAYQELETLPESKRVVHYHTDARGNVMKDGKLAGNAFKSGHILSELSFDQITQDDNEMLKLYNEDGSPINPKGAVSNEQKILIKQTINKVLNQRIKENIRYFKDQGLVIDTVNKDGNKGFHFHGLDKSIMSEYTDDIQLTEFDISHVVSDFTLNSILASIEYTKLFTGDPANYKNMVDFFKRVPATYTNGTNLRLGLEANDHLFDVAVLENIVKPSAYLKEIGESLKLSDLSEAEKKYILEAYEDVNQTDAQAWITPKRWAFLISRTGKWNSKYQSVYNKILKSESLDASEMKLAAQPLKGVYFGLVNNTPTYLKYSQAVLLPQLVAGTQLQSLADAMNKQDIGESIVLDGVKVGATTPNIVTDENGDILKSISLNPLTLSNADWKLQQDLPVKTIKPTLLGSQIQKNIYSSLTDEATYTIENEAFNGSGMFQAINDTVSAMSNLSIAGLSSELGKDSEGKIDKRKLYDMLEREMLDKGSAINLLKSIQKNLPIEAMPGIKDKLYNIVFSKINSAAVKLKTNGGSFIQLSNFGLDKQTADAKGITWLVEPSDLKPPVIEKDADGKNYIRPGQIFMSHVQIAKLVPDYAKMDSKTLSSMIDPKALRAIGYRIPNQGQSSNDPLQIVGILPEAMGDTIVAYTEIPTKTGSDFDIDKMYVMLPNFKVEHTKKSFKLAKDYIAQNEITVEEMYDELEDHGFNIDDIANGEEVTESAITEAFIKNHILNSNSELEYHNDFVKQHNIDAVNKIDFLGYSEELHKNKSEQLQNRLFDLYWAVLTNEKTYGDLITPIDFPHVKDEIKRVFGDNSKQTGENLKFHDPLYQLKLKFTYAGGKSGVGITANMLVDHNRSKGIDMQFNQYNLGVGHTQNGNTVFDKEYSEELNGTRFKIKDTISAFLNAFVDNAKDPYINDGNFNTYTSSVAFMLIRAGVHPDWIISFIGQPVLRELADFTQRYESKIIPKEDVGKSSFDIIVEKYETINQESYKDAESRAFSLDTLQESIEVGVHGIDLDVLKTFKGFQEQAKRLNESVQLSRFDTNGSGKNILDLIILKNKIKNLYVSEQTQQKGSMMNHFKKYHNNGKITSLGTQVKNTLLFTDDILNNNPSLFLLGSKPIQDLVNSISNNLVDSRGGSRGLLTNEDVGKLFYKEVYKYIMADFAPFKVGDPMAYIKDTIFDLVNYKTEDKQYDSSNFFIENMTVYENSFGITNKNKSVDFQDRLYRSAYDLMMENPELANKMFISSFLMNGFENKLIDIKEYIPYQWFLENDIRSFIESKNTGLKDSSESLRSFEEQFIKNNSDSNILAPKVSQSVIKSIKGIKSKHVFELPINDKTKRYILGATETKEEVLPNYVKVGSDLYRLKAYREKSGVYVRTNKLGFEDPKSFLSIKEYKFGTRTGGNFTGELTKQELVYTNQWVNENITLANGYISADSRTVDNPADKILEQNSLENILFSQNNVVSSDENDITKQECK
"
53,T1070,All groups,335,A3,2020-06-29,2020-07-02,m1:2020-07-06 m2:2020-07-08,2020-07-20,-,G3M192 7rej  ,T1070,"MANKPTQPLFPLGLETSESSNIKGFNNSGTIEHSPGAVMTFPEDTEVTGLPSSVRYNPDSDEFEGYYENGGWLSLGGGGIRWETLPHAPSSNLLEGRGYLINNTTGTSTVVLPSPTRIGDSVTICDAYGKFATYPLTVSPSGNNLYGSTEDMAITTDNVSATFTWSGPEQGWVITSGVGLGQGRVYSREIFTQILASETSAVTLNTPPTIVDVYADGKRLAESKYSLDGNVITFSPSLPASTELQVIEYTPIQLGNGGGSGSSTITWVYNGGSAIGGETEITLDIVVDDVPAIDINGSRQYKNLGFTFDPLTSKITLAQELDAEDEVVVIINGTP
"
54,T1071,All groups,488,A1,2020-06-30,2020-07-03,m1:2020-07-07 m2:2020-07-09,2020-07-21,2020-10-09,Q9KQ66   <em><font color=red>Canceled: no structure.</font></em>,T1071,"MQSLAKLLVIEDDAAIRLNLSVILEFVGEQCEVIESTQIDQINWSAVWGGCILGSLRGQALSEQLIQSLTKANHIPLLVANKQPYSLEEFPNYVGELDFPLNYPQLSDALRHCKEFLGRKGFQVLATARKNTLFRSLVGQSMGIQEVRHLIEQVSTTEANVLILGESGTGKEVVARNIHYHSGRRNGPFVPINCGAIPAELLESELFGHEKGAFTGAITARKGRFELAEGGTLFLDEIGDMPMSMQVKLLRVLQERCFERVGGNSTIKANVRVIAATHRNLEEMIDGQKFREDLYYRLNVFPIEMPALRDRIDDIPLLLQELMTRMEAEGAQPICFTPRAINSMMEHDWPGNVRELANLVERMVILYPNSLVDVNHLPTKYRYSDIPEFQPEPSRFSSVEEQERDVLEGIFAEDFNFEEPQEFVPDIDAPQALPPEGVNLKELLADLEVNLINQALEAQGGVVARAADMLGMRRTTLVEKMRKYNMQR
"
55,T1072s1,All groups,101,A1,2020-07-01,2020-07-04,m1:2020-07-08 m2:2020-07-10,2020-07-22,2020-10-09,"Q6PIF2, Q9BXU0 6r17  <em><font color=red>Single helix - not evaluated for tertiary structure.</font></em>",T1072s1,"GSMGLYFSSLDSSIDILQKRAQELIENINKSRQKDHALMTNFRNSLKTKVSDLTEKLEERIYQIYNDHNKIIQEKLQEFTQKMAKISHLETELKQVCHSVE
"
56,T1072s2,Server only,69,A1,2020-07-01,2020-07-04,m1:2020-07-08 m2:2020-07-10,2020-07-22,2020-07-06,"Q6PIF2, Q9BXU0 6hk8  <em><font color=red>Canceled: 100% seq.id. template available.</font></em>",T1072s2,"GSMGKDEALEKDLNDVSKEINLMLSTYAKLLSERAAVDASYIDEIDELFKEANAIENFLIQKREFLRQR
"
57,T1073,All groups,255,A4,2020-07-02,2020-07-05,m1:2020-07-09 m2:2020-07-11,2020-07-23,-,Bd2625   ,T1073,"MGDFVSNQFGALLKNKLEEIQKKNPRFSFRSLAKKVGISPGCLNELMHGKRPLSEFYANKIVLGLELGAEERNEVYSLISTRSRKFAAQKTLAEKELELIASWEHFAILNLIRMKTFKPEPEWIAERLALPLEKVQQSLELLLDLGFIKRKGNSIARSVASLATTTDIPSEALVQAHVSDMHKAIEVLKRTPIDRRDYSAITMAINPHKMEEAKNLIKKFRRKFSMLVEEGDMTEVYNLNIQFFPLTVTESEKPL
"
58,T1074,All groups,202,A1,2020-07-02,2020-07-05,m1:2020-07-09 m2:2020-07-11,2020-07-23,-,Bd0675 7oc9  ,T1074,"MRLLSKPKPLEGSFFMVRLSVRIGWHRGPFLAGTGFGVKGTKQGNTMKNMFGKILASTLLLSSISASAGGNDFVSRLKALDGREGKIVSSYDDENTGRCRLELQKYELEDGSQGLAVYLQDTGMYFTPSAGLDKETKLKDANTAVVSTSSERPGGDACGDFGGALGYKKVLVLKDNQVTIRETFRCVMDGFKKYDLSTTCQF
"
59,T1075,All groups,463,A1,2020-07-03,2020-07-06,m1:2020-07-10 m2:2020-07-12,2020-07-24,2020-10-09,HNRNPK   <em><font color=red>Canceled: no structure.</font></em>,T1075,"METEQPEETFPNTETNGEFGKRPAEDMEEEQAFKRSRNTDEMVELRILLQSKNAGAVIGKGGKNIKALRTDYNASVSVPDSSGPERILSISADIETIGEILKKIIPTLEEGLQLPSPTATSQLPLESDAVECLNYQHYKGSDFDCELRLLIHQSLAGGIIGVKGAKIKELRENTQTTIKLFQECCPHSTDRVVLIGGKPDRVVECIKIILDLISESPIKGRAQPYDPNFYDETYDYGGFTMMFDDRRGRPVGFPMRGRGGFDRMPPGRGGRPMPPSRRDYDDMSPRRGPPPPPPGRGGRGGSRARNLPLPPPPPPRGGDLMAYDRRGRPGDRYDGMVGFSADETWDSAIDTWSPSEWQMAYEPQGGSGYDYSYAGGRGSYGDLGGPIITTQVTIPKDLAGSIIGKGGQRIKQIRHESGASIKIDEPLEGSEDRIITITGTQDQIQNAQYLLQNSVKQYSGKFF
"
60,T1076,All groups,552,A1,2020-07-06,2020-07-09,m1:2020-07-13 m2:2020-07-15,2020-07-27,-,HACL 6xn8  ,T1076,"SSEVDGATLIARSLKQQGIDHLFGVVGFPITAIAAAAQKEGVAYLGMRNEQSAAYAAAAYGYLTGRPGAAVVVTGPGVVHGLSGLANAQQNCWPMILIGGASETYRGGMGAFQEERQVLIASPFCKFAHGIESVARIPFYVEMATRNAIYGRPGATYLDMPDDIIRGTCETDKIAQAERVPEAPRSVAPAENVEAALDLLEKAQRPLVLLGKGMAWSRGEDEVRAFIERTQVPFVRSPMGKGVMPDDHPLSASAARTLALQQADVIFLMGARLNWIFHFGLPPRYAKDVKVIQLDIAPEEIGHNKPTEVALVGDGKAIMAQLNKALVNRQWFHPKDTPWRQALTKKAAENVATIKPQVDDDQGPAGYYRALRDVAAWMPKNAILSAEGAGTMDIGLTQLASSNARSVLNAGTYGTMGVGLGQAIAAAVSDPSRPVIHLSGDSAIGFSGMEMETLVRYNLPVKIVVLNNGGIGPGMPEIPENPMFNLKPNALIYGARYDKVMEAFGGKGIFVKEPKDIRKALDEAMAFKGPALVNVVLSQGSTRKAQQFAWHS
"
61,T1077,All groups,159,A1,2020-07-07,2020-07-10,m1:2020-07-14 m2:2020-07-16,2020-07-28,-,YfaZ    <em><font color=red>Will be assessed separately alongside the NMR-assisted predictions for N1077.</font></em>,T1077,"MSISGQAGKEYTNIGVGFGTESTGLALSGNWTHNDDDGDVAGVGLGLNLPLGPLMATVGGKGVYTNPNYGDEGYAAAVGGGLQWKIGNSFRLFGEYYYSPDSLSSGIKSYEEANAGARYTIMRPVSIEAGYRYLNLSGKDGNRDNAVADGPYVGVNASF
"
62,T1078,All groups,138,A2,2020-07-07,2020-07-10,m1:2020-07-14 m2:2020-07-16,2020-07-28,-,Tsp1 7cwp  ,T1078,"MAAPTPADKSMMAAVPEWTITNLKRVCNAGNTSCTWTFGVDTHLATATSCTYVVKANANASQASGGPVTCGPYTITSSWSGQFGPNNGFTTFAVTDFSKKLIVWPAYTDVQVQAGKVVSPNQSYAPANLPLEHHHHHH
"
63,T1079,All groups,505,A1,2020-07-08,2020-07-11,m1:2020-07-15 m2:2020-07-17,2020-07-29,-,Bd0655   ,T1079,"MELVRLMGFLTVLSLALSANAQNSKDYLVVVDRIPVSELRWVMTQSGDHGVNAKSYWSDSMEQTFLVDPLNPTLRNQASVNYLRLLQNVSTGIVDPALVGVDVKLTKKKFPTALELETALAAAGQNPNVLLESMSPQSPQYLALRDSLRKLNNACVNNLWPALPKVKKTLKLGSKDAILIPLKTRMTQLGYPMTSLDNVFDDKVVAAVNDIQWNLRFKPDSKISPGGKTWKYLNVSCQDRMRQIRLDMEKLRWFPQHFEDRYIFINLAMSYFSLVDKSGGGFYSMSFRTINGRPERKSPTMKDKIVYIVINPFWVVPPTIFREDKVEEIKNLWPWEIREYFDTRHYQVWNKSFTQRFDPASIDWYNMDPNQDANIYIRQSPHRMNALGSLKFMMTNSYAIYLHDTNQRELFAEPHRLLSSGCVRVEKPVDLAEYLLKGTEWDRAAIERYMAKPGEVLDKDTKVQLKQQMPVYMVFLTSQLSSDGILRFAEDSYRQGTRLLRLGAW
"
64,T1080,All groups,922,A3,2020-07-09,2020-07-12,m1:2020-07-16 m2:2020-07-18,2020-07-30,-,Bd3182 8onb  ,T1080,"MKNLIPSLFLILSGVAVQAASPSPGPLFTYEGLLTDAGSTAITTTQTVQLQIIYPASCVVFEETHSITPGSSGEFSVIVGSGTRTDSTGNTADRIFASSGNVTCADTSSVVASGFTTRSLRVRVGGTDLTPDVAINTVPFAINAARLADKTATDFVQISASTTQANADSVFSRYNTLNSVLNLFATPGTNGQLLIGTGTGYTPATLTAGSGINITNGSGSITISASGGGGSVTSVTALSPLVVGGTAAVPEIALPQANSTTNGFLSSTDWQAFNNKQNKTLSSGNIWVGNVVGSAAEVSVSGDATLNSSGVLSLANVGTAGTYAKVTTDAKGRVTSGSALTAADIPSLDWSKITSGLPATLGGYGISDAVKNMGGSPSIQSGTDAARPAPGTAGRIYISSDTNQIYRDTGSAWNTLGGGGGAALPISLTTEVTGILPIANGGTGSSSVAGAMSALSPLSTKGDLLVHNGTANVRLPAGASGQVLAADTTDANGVKWVTAPAGTVTAVTGNAPVMVSNNTTTPLISVSDATTSTKGVVQIGNGLNVTSGTVSVNPGSFPSVVPVTKGGTGTGTFNANKLVYTNASGSAFTEFACGIGMAIAFDGTGIAGCSSYSSLGVIVNSGNSLGIPMAVGTNDAFSLSFETNNTPRMTIDDVGRVGVGTTAPTSALHVIGTGEVARFVTSATGGVVIDSTALNYNPSLIYRKTNINRWSMMVNAASETGGNAGSNLSILRYDDTGATLGAAVTIDRASGFFGINTAAPAYNIHVTGTAGLSTGSAWTVASDARLKDVHGDYEFGLSEILKLHTVRYNYKKDNAAKIPSDVPMVGFIAQEVQQVIPDAVKTRADGYLELNVDPIHWATVNAVKELHGMCKATEEQLNTITRRVSSLEEDAAVKDLRIKALEDENKNLKKDLELIKAKLGLQ
"
65,T1082,All groups,97,A1,2020-07-10,2020-07-13,m1:2020-07-17 m2:2020-07-19,2020-07-31,-,gp63 7cn6  ,T1082,"MKKFIFATIFALASCAAQPAMAGYDKDLCEWSMTADQTEVETQIEADIMNIVKRDRPEMKAEVQKQLKSGGVMQYNYVLYCDKNFNNKNIIAEVVGE
"
66,T1083,All groups,98,A2,2020-07-13,2020-07-16,m1:2020-07-20 m2:2020-07-22,2020-08-03,-,Nitro   ,T1083,"GAMGSEIEHIEEAIANAKTKADHERLVAHYEEEAKRLEKKSEEYQELAKVYKKITDVYPNIRSYMVLHYQNLTRRYKEAAEENRALAKLHHELAIVED
"
67,T1084,All groups,73,A2,2020-07-13,2020-07-16,m1:2020-07-20 m2:2020-07-22,2020-08-03,-,Meio   ,T1084,"MAAHKGAEHHHKAAEHHEQAAKHHHAAAEHHEKGEHEQAAHHADTAYAHHKHAEEHAAQAAKHDAEHHAPKPH
"
68,T1085,All groups,588,A1,2020-07-14,2020-07-17,m1:2020-07-21 m2:2020-07-23,2020-08-04,-,Bd2374_c   ,T1085,"VILAKYNVEKDAAAKKSQAEKLEKNLLLGIENAEKSKDASLLVAAQDDYLQNSVLKQKSFDVQYQKTYAIYQKGDYAVAADQLKQLALNPQGSAAIRTQAAELSLDALALLKDDARIMAWSAEYAGKFADKKADFQQIQQKSILTQSAKLAESQPEQALAALGSFHAASASAEDRKVYLKNKILLSEKLNKITEARVAIEDLLREKTLTAEEREFALGRKVWFAELELDFATALKTAEQMNFAGLSADDKVLKLAMYSELADKDPQQYYAQYLKQSKDDSKKPLIASQLIRLSKNPVKDLETYKMYFKSNNGLYARAALEVYGRTKDRKALDLALKEKGASKQDAFVMIEKIVFLADLKALSAPLMAQTIDTKNQNTIAQGLKARVKLLEKAEALANRAINTGDWSSQLLALDLVARENTRFYNEALSLPMPSGLTPEQENEYLTILSQQVAPNQNTAMMAETKVKEFWAQTGALESYKAFATQNTEWAQYTSQEVEAVAAIAPEAQKATWTAAVAQIKAEESAQTKPTLVELEKARTHLKQNPFMASAIEEALVLEKKAQRKSMVEYLEGRLATLAKKDTEVKEKQQ
"
69,T1085,All groups,588,A1,2020-07-14,2020-07-17,m1:2020-07-21 m2:2020-07-23,2020-08-04,-,Bd2374_c   ,T1085,"VILAKYNVEKDAAAKKSQAEKLEKNLLLGIENAEKSKDASLLVAAQDDYLQNSVLKQKSFDVQYQKTYAIYQKGDYAVAADQLKQLALNPQGSAAIRTQAAELSLDALALLKDDARIMAWSAEYAGKFADKKADFQQIQQKSILTQSAKLAESQPEQALAALGSFHAASASAEDRKVYLKNKILLSEKLNKITEARVAIEDLLREKTLTAEEREFALGRKVWFAELELDFATALKTAEQMNFAGLSADDKVLKLAMYSELADKDPQQYYAQYLKQSKDDSKKPLIASQLIRLSKNPVKDLETYKMYFKSNNGLYARAALEVYGRTKDRKALDLALKEKGASKQDAFVMIEKIVFLADLKALSAPLMAQTIDTKNQNTIAQGLKARVKLLEKAEALANRAINTGDWSSQLLALDLVARENTRFYNEALSLPMPSGLTPEQENEYLTILSQQVAPNQNTAMMAETKVKEFWAQTGALESYKAFATQNTEWAQYTSQEVEAVAAIAPEAQKATWTAAVAQIKAEESAQTKPTLVELEKARTHLKQNPFMASAIEEALVLEKKAQRKSMVEYLEGRLATLAKKDTEVKEKQQ
"
70,T1086,All groups,408,A1,2020-07-15,2020-07-18,m1:2020-07-22 m2:2020-07-24,2020-08-05,-,Bd2374_n   ,T1086,"MKKGLLIFSMTMGVAAAPHAMASGSTQDLLIQKLTQVQLGLAPADPARAAVLLRLADLHAERSRQLSMKELADGCTVCTAGAKDRDKALTYYTEALSKVPPTSVAKVHLQMGHLYELQGRNDLAEKSYQAMLTNGGMTTPIEMAEANLSLAEMAFRQSDFAKAAGLYDKVLATEGASSQGLAAYRRAWCSFRQGNMDASIAQLQDILKNPKLQSRMAASRGVADVQFLEEVSRDMATFMAARGIKDGDAETLYSLSPEQFKLQQVTMLAREGLRLGQKDQALKTWDYVYQKQSDPKMRLEAQVRMAQLNFDLKNTQAAAKSYQTALGLWGATDCTTATCEESAKGLRQFIVGWNRLENSKPSAELLTAYQEYFQVFAEDEDMYVWGAQAAATAGNYVLASQWTALANK
"
71,T1087,All groups,93,A2,2020-07-16,2020-07-19,m1:2020-07-23 m2:2020-07-25,2020-08-06,-,Tuna   ,T1087,"GAMEVVPAPEHPANISAPATSPTEHQEAAALHKKHAEHHKGMAVHHESVAAEYGKAGHPELKKHHEAMAKHHEALAKEHEKAAENHEKMAKPK
"
72,T1088,All groups,226,A1,2020-07-16,2020-07-19,m1:2020-07-23 m2:2020-07-25,2020-08-06,-,MipA   <em><font color=red>Will be assessed separately alongside the NMR-assisted predictions for N1088.</font></em>,T1088,"DGKFTLGAGVGVVEHPYKQYDADVYPVPVISYESENFWFHGLGGGYYLWNDTNDKLSITAYWSPMYFKPGDSDSEQMRRLDKRKSTVMAGLSYVHNTPYGFLRTTIAGDTLDNSNGINWDLAWLYRYTNGNLTLTPGIGVEWNSDNQNEYYYGVSRHESRRSGMRSYDPDSSWNPYLELSANYRFLGDWSVYGVARYTRLSDEITDSPMVDKSWSGLISTGITYTF
"
73,T1089,All groups,404,A1,2020-07-17,2020-07-20,m1:2020-07-24 m2:2020-07-26,2020-08-07,-,Sia 5524 7mhu  ,T1089,"MDDNVNDFRPVPYPDEVVGLNPDPDFEPIWEIASPTITVFSSKASNDISYRVPAIAVTKKGSILVFCEARYGTWQDKAGRTDILMKRSTDKGITWTEKNLTNQATSSKLSYMDPTVVVDQVTGKIFLFTSLWDAVGKESAKQGYNNRAIMYTSEDDGLNWTRKDLTDEVEIGIFSGATRMIGSFGPGSGVQMTSSEQYKNRLIVPIRTFKVNEAAGTVSNGGNTAMWSDDNGGTWETGQPNKSGEWMVTEAPDGALIGNIRYNGHRQNYVSTDGGAKWPSFSDYDPIALPTPAKGCAGSVIVKDGWMYYCGAKGIIETTAHDDRGILYLAKAKFFGGHSHTFDPADHMVLYDKAAGYTCMALLPDGDMAIVAELGNEPGFQKLSTRPAEWMRLELFILSTKKPL
"
74,T1090,All groups,193,A1,2020-07-17,2020-07-20,m1:2020-07-24 m2:2020-07-26,2020-08-07,-,NP_595817.1 7k7w  ,T1090,"HHAHGTENLYFQGSAATMAAQSLLSIPVEYRSQVWCRANLPYPPAPQLPIPAVVDILTKASQALPQISFSWTLIDQPPDGSLFLVWQAPTLPSPPDGMHFMSNERFFNMDVAGKVLEIHEAKHGFYPLSETRTMHVRCRYRLLGVGFDNFWLVHYFQGSETDSIPANISVAKPPHLRRYPLPDVKTSPFLLQE
"
75,T1091,All groups,863,A1,2020-07-20,2020-07-23,m1:2020-07-27 m2:2020-07-29,2020-08-10,-,PitA 7w6b  ,T1091,"MNIRFDFKKVQIIARRLVTLLAILFLCAPISLLNADSTTEPQTTLHKTITPISGQDDKYELSLDITSKLGTETQTDPLDVVLVADLSGSMQNQDVQSFDGRTISRIDALKNTLRGTNGRKGLIDTILSNSNNRLSMVGFGGKIDNKKVDQYWDGNKWRLFRPYWPYERMTKYYDGVSPWDDANTILGWSNNARAAKTAVYNMSIAGGNSIGTESGIGTGTNIGAGLTLANQLMGSARSNAKKVVILLSDGFANMVYDANGYTIYNYNNEDPNIETAPQWFWDRLNNNLNSLSYSLAPTLDGFYSIKFRYSNNVDSITSLQYYMRQHNASIPNEIFSANDEDQLRDSFKDITDKILPLGIHHVSIKDVLSKYVQLLPNGSSEFRVVKEKDGSSEILTENQVTFDTKTTSEGLVEVTAKFSPNYSLEDGARYVLKFTVTSSQEALDAIAGDKKLEAGDAEGSDVNKLYSNKGASVTYSYGIGNSQTKTKEYSDNPTFKPSDPLTVPVEVEWQGVTGARTVITADQPSNVELKLVQKNKNGGSDNQDYRKTNVNVSKNVSNETRNFEKVAKGYQYDLIAPDVPAFTKEIKNVGTESNPSFKVIYKQLPSLTIKKVLEAENNLNKEFRIKVKLTSPDSKPLNGTFGEITVVNGEAEIRVEKRKRWRGILSYLPRGTHYKVEEEAASTNGYHVTYENQEGDLNKDETSTVTNHKLPSLSVTKKVTGVFANLLKSFKITINIRDAQNSPLNGTYTATVNNKRTPLQFTNGRASIDLNKDQTIKIDGLPLDSHYTVEEETNSSRGYQVSYENQEGKLDGDKSATVTNNKNSVPETGVDFLSSTLMLGIILPLGGIFFTILLGYLVVHRRK
"
76,T1092,All groups,426,A1,2020-07-21,2020-07-24,m1:2020-07-28 m2:2020-07-30,2020-08-11,-,AR9_g270 7um1  ,T1092,"MGKKLSLIDFNEIYNEENLITRANPIENHEFSDDGIYSERIFGSYNEDDDDKDIDTIGWINIEPYYIINPILFTIIKKCIPSINKIINYQQSIDQNGENIDLTEEIGEDDYIGLVKFKDNFDDLLEKYTDKKKYQKEYDFLIENHDKIFINKLPVFSHKLRPATLLTGSKGKVLAFDEINNYYNFVIEYINQINEGVVSDDSIDLLLLPLLYNMQFYANNILTRIISEYLRGKKGFLRKNIMGSRINFSARNVITPLIGHPIDEVAMPYKTFAELYKFQLINLISKVKGINYNEALKFWEKGILGFNQELYNYMEELITKTKGGCTFLLNRNPTISIGSILYLKIGLIKKDYKDLTLGISNNLLSALSGDYDGDVLNIIPVFDNKMKEHFSLLSPQNFLVDRNNGRFNGDFDLQKDQILGIFILNN
"
77,T1093,All groups,631,A1,2020-07-22,2020-07-26,m1:2020-07-30 m2:2020-08-01,2020-08-12,-,AR9_g154 7um1  ,T1093,"MEKTYNLNDILLSNEYEKIKEDIKEEIINDMASKKVKYSNTSEFAKNDFLKDEFIDLVVDGETYEITYGNLITLLIVARPFNHFKVPMTEDLLFDLSDLKEYQNYYTTLLEHFGYSNEIKSIIKDVISELAIFSGDINVTFGNTVSIKSLIDLGNKVKRFRELLHYRLPNDEALEFNDIEAIIKKNLDEIMKILSETDNMLRYYIDSGAGINSKQFGQVLSLVGSKPDLFGKIIPYPINTSFLRGLDVRSFYINALGARKALITNYQQVRNSGYLTRKISMLLMDTKLIDLDDCGSHENNYLSINVENKDVLKRFSKRSYLNNNGELVEIDINDESLIGQVIKIPSPTTCASNEGVCRKCYGKLFDINKDLNIGMIAVLLLTDPLTQRLLSAKHLLETRSSKIDWGTNFEENFIVNRNLIYPKVYNGTVIIKEDDFKEDEETEEQVFDTFTLKSGNRFISISSPMRLFLNKDLKKQLDESFYNIEEMQFEIPLNKLDEGDSFATFIMDNNELSKPLREIKDLIETNKYIKDHNVNEVVNYFIYLLNESGINIQSVHSELIIREMMKLDDSDRTQFKNDKMPDYEIFRITDANLKGDSLSRSLLFEQVKKQLTTLDYDTFNKTKSSILDKLL
"
78,T1094,All groups,496,A1,2020-07-23,2020-07-26,m1:2020-07-30 m2:2020-08-01,2020-08-13,-,AR9_g105 7um1  ,T1094,"MISNFRKFHGNKNQEKFNENLILNKENESILNYLDPICKTLEIIPEITYLGSSVEPINKVYKFNKEEKTSDIERSELQLIKMSFLIEKDDKKEEINKFIYFPKLIDSQYFIINGNRYYPIYQLLDSGTYRTNKALTLKTLLMPIVLREKKETFDDINGETHTMLNVDLDLFKSKVPFLIYFFSKFGFEGTLEYFGLQDLIHVLMKEDLDQLDEDEINDNVIFMITKNISLVVDKNFFSNKNNQIIIATLLNCFNTRIKIDKIYEKDYWVKKLGGYFTTNNSNKQEKGEGIILSFERILDEWTKKILRTEEKNKEDIYSVVRWMINNYLALVKQDNMNLANKRIRLYEYLLHPLLIKFSKGTYRVLNNRNSNKFEKIKTIFSNIQEGFLVKKIINNELLRYDNSVNSISLFTLILRYTQSGPQSPFSSNSTNNKLRGLHPSYLGRLGLTSTSAGDPGASGSLTPFLELPENSYMHFTEEPEINLNIDDISIDEVIES
"
79,T1095,All groups,665,A1,2020-07-24,2020-07-28,m1:2020-08-01 m2:2020-08-03,2020-08-14,-,AR9_g089 7um1  ,T1095,"MDDISVIKNEDYEGSHRFLAEELLMPNANKTDGNRSTMFCSHLAQAVTLQKAEPPLVYTNFENQVGKYSTAGYRKANSNYKVIEKIYKNDYNYVLIVQDQETGEYTLFERAECEFLTEHYGFQWDNDKIDSLKKDDTIEKDTVLYKNTCYDENMNFGYGVNLNAAYFSYKNETLEDAIVISESAAKKLGTFSVNKVKVSVNTNDILLNLYGDNENYKGFPDIGEHIKNQIIASRRRFDYNTALYELKNLNEMRDSDTPFFADGKIVDIEIFSNVPEEELKVQKYNEQVLYYINKQKEFSNNVYQKLKKIVEGKDNNVSDKLLHFYNNCKMRIDENISYTYQNSKFSGFIMEFTILEEEPLNKGSKITGRYGNKGVISKILPDDQMPTVAEGRFKGLKADICLNPLGVFNRLNPSQLIEQELNWIAKFIRKDMEEAGSNEEKVSILLDFLNRVNKEETELMEEFINSLNKTELEEFLNDIIENGIPICQKPFFGNIGLDELWELYNHYDHIDYFKCEGISTPLIIGEIYMVRLKHEPHSKFSARSTSFMNLRGLPAKSKNFKEHKDLYSKTPVRIGNMEISNLSLTNEMGSIMDMLNSYSNNETNRRELIMQLLTGNPFDTNIDLSDVESGTSKILKSLFTCLGLSIDDVEEEWENKLNGKVEDEK
"
80,T1096,All groups,464,A1,2020-07-27,2020-07-30,m1:2020-08-03 m2:2020-08-05,2020-08-17,-,AR9_g226 7um1  ,T1096,"MDILENYVSFDEQARDINIAFDKLFGRDDISHMNNFSINKRSYYNCLDQISDDLNLVLNKYNDLAYSLLEIRYNMATKENYTHMEFYSDIERLFIKNEKLLNVISDIVEEEYDLDLNQASKGKKINIELQVTDNLNKIYLKSSVLMRILIPILCDFNCDDDINEVLVYDIFKEVIKSFDDGKKNALNKLYKIIYSRVFETKYSDVVIWTYLKNMSTDLMIIVKDYFKVIIKKIFPKLKHNSSVISYLDVVIKQKLKYLFTFKYPISYKPLKAETTDDEELSEQERMEINLLRNDQGNSIINECSIKQEIAKIKKKYNVTDEVMKEFINGRELNSIQIYLVKIYYSNKFKVNSNKNDIFYLLYGMTRELGEMNFSIIPEILSCAIAPNVRKMNNRKKLVDKIIHSDKYSYLLKSYLPIKNILDKNNVILQLMTIKNAKFMNKENKEVDFSTDHLAEEVLDMLLCI
"
81,T1098,All groups,538,A1,2020-07-29,2020-08-01,m1:2020-08-05 m2:2020-08-07,2020-08-19,2020-10-09,OsSUT1   <em><font color=red>Canceled: unverified structure.</font></em>,T1098,"MARGSGAGGGGGGGGGGLELSVGVGGGGGARGGGGGEAAAAVETAAPISLGRLILSGMVAGGVQYGWALQLSLLTPYVQTLGLSHALTSFMWLCGPIAGMVVQPCVGLYSDRCTSKWGRRRPYILTGCVLICLAVVVIGFSADIGYAMGDTKEDCSVYHGSRWHAAIVYVLGFWLLDFSNNTVQGPARALMADLSGRHGPGTANSIFCSWMAMGNILGYSSGSTNNWHKWFPFLKTRACCEACANLKGAFLVAVIFLSLCLVITLIFAKEVPFKGNAALPTKSNEPAEPEGTGPLAVLKGFRNLPTGMPSVLIVTGLTWLSWFPFILYDTDWMGREIYHGDPKGTDPQIEAFNQGVRAGAFGLLLNSIVLGFSSFLIEPMCRKVGPRVVWVTSNFLVCIAMAATALISFWSLKDFHGTVQKAITADKSIKAVCLVLFAFLGVPLAVLYSVPFAVTAQLAATRGGGQGLCTGVLNISIVIPQVVIALGAGPWDELFGKGNIPAFGLASGFALIGGVAGIFLLPKISKRQFRSVSMGGGH
"
82,T1099,All groups,262,A1,2020-07-30,2020-08-05,m1:2020-08-09 m2:2020-08-11,2020-08-25,-,P0C6J7 6ygh  ,T1099,"MDINASRALANVYDLPDDFFPKIDDLVRDAKDALEPYWKSDSIKKHVLIATHFVDLIEDFWQTTQGMHEIAESLRAVIPPTTTPVPPGYLIQHEEAEEIPLGDLFKHQEERIVSFQPDYPITARIHAHLKAYAKINEESLDRARRLLWWHYNCLLWGEAQVTNYISRLRTWLSTPEKYRGRDAPTIEAITRPIQVAQGGRKTTTGTRKPRGLEPRRRKVKTTVVYGRRRSKSRERRAPTPQRAGSPLPRSSSSHHRSPSPRK
"
83,T1100,All groups,338,A1,2020-07-31,2020-08-03,m1:2020-08-07 m2:2020-08-09,2020-08-21,-,AAB89755.1   ,T1100,"MKLTPQIVLIVVVASLVPLSVLGYLTIAGMTSSAEEAKQGVTTVSQEYLTKAGEEAVRMKAQDLALAVQTYIEAKMKLENKTMLTTFDLIQDPKFRSLGAQRWGAKEYTWVGAGNKVAGRDVAVILTHPAFTGQYEKYLGVDVAMLRWNETMPELYNLLLKITENPEAPKPVCGYYHWDDPETPEKEEIPKYLCHYPTTIKVYDPISKGQLWVVVGTSAYIDGYFQYLTQNPANPAENIASEISKSVEGAIQQVYYALGIAAAIAIVFVIVLAVFTTSTITRPIIELSNTADKIAEGNLEAEVPHQNRADEIGILAKSIERLRRSLKVAMESLEEALK
"
84,T1101,All groups,318,A1,2020-07-31,2020-08-03,m1:2020-08-07 m2:2020-08-09,2020-08-21,-,Alvi ASCC1   ,T1101,RVYCDDICDTLGEQIQETENGYKLELEIPSAYYKYIIGKKGETKKRLENETRTLIKIPGHGREGSVVISGHDRQGILSAKTRLDLLIESARRRQPFTHFISIPVNSQPIQDKFIEFKDDVVRFCSGDRGVDDTIFQNPHKLHLTIGTMPLLDKSEIDKAKAVLQQCKEELIAYDYIGHGGITCQLRGLEYMNDDPGEVDVLYAKIQLQDNSDRLQCLADQLVNGFCESGLMNREHDRVKLHVTVMNTLMRKDPTGAGVTVSSGNKKPIKDRESFDANNILKLYGDYDFGPYQINTIHLSQRYSTSQDGYYACEDKIDF
